{
  "name": "Moonlight II (Light)",
  "type": "light",
  "colors": {
    "foreground": "#363a49",
    "focusBorder": "#2458c8",
    "contrastBorder": "#191a2a",
    "editorCursor.foreground": "#2458c8",
    "editorRuler.foreground": "#444a73bb",
    "scrollbar.shadow": "#00000022",
    "tree.indentGuidesStroke": "#828bb866",
    "editorLink.activeForeground": "#363a49",
    "selection.background": "#363a49",
    "progressBar.background": "#2458c8",
    "textLink.foreground": "#006dc1",
    "textLink.activeForeground": "#b2dfff",
    "editorLineNumber.foreground": "#444a73",
    "editorLineNumber.activeForeground": "#828bb8",
    "editorBracketMatch.border": "#2458c8bb",
    "editorBracketMatch.background": "#222436",
    "editorWhitespace.foreground": "#363a4940",
    "editor.background": "#222436",
    "editor.foreground": "#363a49",
    "editor.lineHighlightBackground": "#2f334d",
    "editor.selectionBackground": "#828bb850",
    "editor.selectionHighlightBackground": "#444a73",
    "editor.findMatchBackground": "#444a73",
    "editor.findMatchBorder": "#007091",
    "editor.findMatchHighlightBackground": "#444a73",
    "editorOverviewRuler.findMatchForeground": "#007091bb",
    "editorOverviewRuler.errorForeground": "#d51826cc",
    "editorOverviewRuler.infoForeground": "#006dc166",
    "editorOverviewRuler.warningForeground": "#b75c00cc",
    "editorOverviewRuler.modifiedForeground": "#2458c866",
    "editorOverviewRuler.addedForeground": "#4e840066",
    "editorOverviewRuler.deletedForeground": "#cc304366",
    "editorOverviewRuler.bracketMatchForeground": "#3e68d7bb",
    "editorOverviewRuler.border": "#222436",
    "editorHoverWidget.background": "#1b1d2c",
    "editorHoverWidget.border": "#000000aa",
    "editorIndentGuide.background": "#444a73bb",
    "editorIndentGuide.activeBackground": "#828bb8aa",
    "editorGroupHeader.tabsBackground": "#1e2030",
    "editorGroup.border": "#191a2a",
    "editorGutter.modifiedBackground": "#2458c866",
    "editorGutter.addedBackground": "#4e840066",
    "editorGutter.deletedBackground": "#ff5370aa",
    "tab.activeBorder": "#2458c8",
    "tab.activeModifiedBorder": "#828bb8",
    "tab.unfocusedActiveBorder": "#828bb8",
    "tab.activeForeground": "#363a49",
    "tab.activeBackground": "#222436",
    "tab.inactiveForeground": "#828bb8",
    "tab.inactiveBackground": "#1e2030",
    "tab.unfocusedActiveForeground": "#363a49",
    "tab.border": "#191a2a",
    "statusBar.noFolderBackground": "#222436",
    "statusBar.border": "#191a2a",
    "statusBar.background": "#1e2030",
    "statusBar.foreground": "#828bb8",
    "statusBar.debuggingBackground": "#2458c8",
    "statusBar.debuggingForeground": "#363a49",
    "statusBarItem.hoverBackground": "#828bb820",
    "activityBar.background": "#1e2030",
    "activityBar.border": "#22243660",
    "activityBar.foreground": "#52586d",
    "activityBarBadge.background": "#3e68d7",
    "activityBarBadge.foreground": "#ffffff",
    "titleBar.activeBackground": "#1e2030",
    "titleBar.activeForeground": "#363a49",
    "titleBar.inactiveBackground": "#1e2030",
    "titleBar.inactiveForeground": "#828bb8",
    "sideBar.background": "#1e2030",
    "sideBar.foreground": "#828bb8",
    "sideBar.border": "#191a2a",
    "titleBar.border": "#191a2a",
    "sideBarTitle.foreground": "#363a49",
    "sideBarSectionHeader.background": "#1e2030",
    "sideBarSectionHeader.border": "#2f334d",
    "input.background": "#191a2a",
    "input.foreground": "#363a49",
    "input.placeholderForeground": "#363a49aa",
    "input.border": "#00000066",
    "inputValidation.errorBackground": "#c53b53",
    "inputValidation.errorForeground": "#ffffff",
    "inputValidation.errorBorder": "#ff537050",
    "inputValidation.infoBackground": "#446bbb",
    "inputValidation.infoForeground": "#ffffff",
    "inputValidation.infoBorder": "#2458c850",
    "inputValidation.warningBackground": "#ad7c43",
    "inputValidation.warningForeground": "#ffffff",
    "inputValidation.warningBorder": "#b75c0050",
    "dropdown.foreground": "#363a49",
    "dropdown.background": "#2f334d",
    "dropdown.border": "#00000066",
    "list.hoverForeground": "#363a49",
    "list.hoverBackground": "#1e2030",
    "list.activeSelectionBackground": "#383e5c",
    "list.activeSelectionForeground": "#ffffff",
    "list.inactiveSelectionForeground": "#363a49",
    "list.inactiveSelectionBackground": "#292e46",
    "list.focusBackground": "#131421",
    "list.focusForeground": "#363a49",
    "list.highlightForeground": "#007091",
    "list.warningForeground": "#b75c00cc",
    "terminal.foreground": "#bcc4d6",
    "terminal.selectionBackground": "#363a4944",
    "terminal.ansiWhite": "#363a49",
    "terminal.ansiBlack": "#000000",
    "terminal.ansiBlue": "#2458c8",
    "terminal.ansiCyan": "#007091",
    "terminal.ansiGreen": "#4e8400",
    "terminal.ansiMagenta": "#cb0ba2",
    "terminal.ansiRed": "#d51826",
    "terminal.ansiYellow": "#b75c00",
    "terminal.ansiBrightWhite": "#363a49",
    "terminal.ansiBrightBlack": "#828bb8",
    "terminal.ansiBrightBlue": "#2458c8",
    "terminal.ansiBrightCyan": "#007091",
    "terminal.ansiBrightGreen": "#4e8400",
    "terminal.ansiBrightMagenta": "#cb0ba2",
    "terminal.ansiBrightRed": "#d51826",
    "terminal.ansiBrightYellow": "#b75c00",
    "terminal.border": "#2f334d",
    "scrollbarSlider.background": "#828bb830",
    "scrollbarSlider.hoverBackground": "#52586d30",
    "scrollbarSlider.activeBackground": "#2458c8",
    "minimap.findMatchHighlight": "#007091cc",
    "minimap.selectionHighlight": "#00709133",
    "minimapGutter.addedBackground": "#4e840066",
    "minimapGutter.modifiedBackground": "#2458c866",
    "editorSuggestWidget.background": "#191a2a",
    "editorSuggestWidget.foreground": "#52586d",
    "editorSuggestWidget.highlightForeground": "#007091",
    "editorSuggestWidget.selectedBackground": "#2f334d",
    "editorSuggestWidget.border": "#00000033",
    "editorError.foreground": "#ff5370",
    "editorWarning.foreground": "#b75c00cc",
    "editorWidget.background": "#1e2030",
    "editorWidget.resizeBorder": "#2458c8",
    "editorMarkerNavigation.background": "#363a4905",
    "widget.shadow": "#00000033",
    "panel.border": "#00000033",
    "panel.background": "#1e2030",
    "panel.dropBackground": "#363a49",
    "panelTitle.inactiveForeground": "#828bb8",
    "panelTitle.activeForeground": "#363a49",
    "panelTitle.activeBorder": "#2458c8",
    "terminalCursor.foreground": "#2458c8",
    "diffEditor.insertedTextBackground": "#4e840015",
    "diffEditor.removedTextBackground": "#ff537020",
    "notifications.background": "#191a2a",
    "notifications.foreground": "#363a49",
    "notificationLink.foreground": "#2458c8",
    "badge.background": "#3e68d7",
    "badge.foreground": "#ffffff",
    "button.background": "#3e68d7",
    "button.hoverBackground": "#006dc1cc",
    "extensionButton.prominentBackground": "#3e68d7",
    "extensionButton.prominentHoverBackground": "#006dc1cc",
    "peekView.border": "#00000030",
    "peekViewEditor.background": "#363a4905",
    "peekViewTitle.background": "#363a4905",
    "peekViewResult.background": "#363a4905",
    "peekViewEditorGutter.background": "#363a4905",
    "peekViewTitleDescription.foreground": "#363a4960",
    "peekViewResult.matchHighlightBackground": "#828bb850",
    "peekViewEditor.matchHighlightBackground": "#828bb850",
    "debugToolBar.background": "#1e2030",
    "pickerGroup.foreground": "#2458c8",
    "gitDecoration.deletedResourceForeground": "#ff5370dd",
    "gitDecoration.conflictingResourceForeground": "#b75c00cc",
    "gitDecoration.modifiedResourceForeground": "#2458c8ee",
    "gitDecoration.untrackedResourceForeground": "#77e0c6dd",
    "gitDecoration.ignoredResourceForeground": "#777fabaa",
    "gitlens.trailingLineForegroundColor": "#828bb8aa",
    "editorCodeLens.foreground": "#828bb8",
    "peekViewResult.selectionBackground": "#828bb870",
    "breadcrumb.background": "#222436",
    "breadcrumb.foreground": "#828bb8",
    "breadcrumb.focusForeground": "#363a49",
    "breadcrumb.activeSelectionForeground": "#2458c8",
    "breadcrumbPicker.background": "#1e2030",
    "menu.background": "#1e2030",
    "menu.foreground": "#363a49",
    "menu.selectionBackground": "#00000050",
    "menu.selectionForeground": "#2458c8",
    "menu.selectionBorder": "#00000030",
    "menu.separatorBackground": "#363a49",
    "menubar.selectionBackground": "#00000030",
    "menubar.selectionForeground": "#2458c8",
    "menubar.selectionBorder": "#00000030",
    "settings.dropdownForeground": "#363a49",
    "settings.dropdownBackground": "#2f334d",
    "settings.dropdownBorder": "#191a2a",
    "settings.numberInputForeground": "#363a49",
    "settings.numberInputBackground": "#191a2a",
    "settings.numberInputBorder": "#00000066",
    "settings.textInputForeground": "#363a49",
    "settings.textInputBackground": "#191a2a",
    "settings.textInputBorder": "#00000066",
    "settings.headerForeground": "#2458c8",
    "settings.modifiedItemIndicator": "#2458c8",
    "settings.checkboxBackground": "#131421",
    "settings.checkboxForeground": "#363a49",
    "settings.checkboxBorder": "#00000066"
  },
  "tokenColors": [
    {
      "name": "Comment",
      "scope": [
        "comment",
        "punctuation.definition.comment",
        "string.quoted.docstring"
      ],
      "settings": {
        "foreground": "#727895"
      }
    },
    {
      "name": "Variables and Plain Text",
      "scope": [
        "variable",
        "support.variable",
        "string constant.other.placeholder",
        "text.html"
      ],
      "settings": {
        "foreground": "#363a49"
      }
    },
    {
      "name": "DOM Variables",
      "scope": [
        "support.variable.dom",
        "support.constant.math",
        "support.type.object.module",
        "support.variable.object.process",
        "support.constant.json"
      ],
      "settings": {
        "foreground": "#b75c00"
      }
    },
    {
      "name": "Nil",
      "scope": [
        "constant.language.undefined",
        "constant.language.null"
      ],
      "settings": {
        "foreground": "#7f85a3"
      }
    },
    {
      "name": "PHP Constants",
      "scope": ["constant.other.php"],
      "settings": {
        "foreground": "#b75c00"
      }
    },
    {
      "name": "Colors",
      "scope": ["constant.other.color"],
      "settings": {
        "foreground": "#ffffff"
      }
    },
    {
      "name": "Invalid",
      "scope": ["invalid", "invalid.illegal"],
      "settings": {
        "foreground": "#ff5370"
      }
    },
    {
      "name": "Invalid deprecated",
      "scope": ["invalid.deprecated"],
      "settings": {
        "foreground": "#5a1eba"
      }
    },
    {
      "name": "Keyword, Storage",
      "scope": [
        "keyword",
        "storage.type",
        "storage.modifier",
        "keyword.other.important"
      ],
      "settings": {
        "foreground": "#5a1eba"
      }
    },
    {
      "name": "Keyword, Storage",
      "scope": ["keyword.control", "storage"],
      "settings": {}
    },
    {
      "name": "Interpolation",
      "scope": [
        "punctuation.definition.template-expression",
        "punctuation.section.embedded"
      ],
      "settings": {
        "foreground": "#007091"
      }
    },
    {
      "name": "Spread",
      "scope": [
        "keyword.operator.spread",
        "keyword.operator.rest"
      ],
      "settings": {
        "foreground": "#d51826",
        "fontStyle": "bold"
      }
    },
    {
      "name": "Operator, Misc",
      "scope": [
        "keyword.operator",
        "keyword.control",
        "punctuation",
        "punctuation.definition.string",
        "punctuation.support.type.property-name",
        "text.html.vue-html meta.tag",
        "punctuation.definition.keyword",
        "punctuation.terminator.rule",
        "punctuation.definition.entity",
        "constant.other.color",
        "meta.tag",
        "punctuation.definition.tag",
        "punctuation.separator.inheritance.php",
        "punctuation.definition.block.tag",
        "punctuation.definition.tag.html",
        "punctuation.definition.tag.begin.html",
        "punctuation.definition.tag.end.html",
        "meta.property-list",
        "meta.brace.square",
        "keyword.other.template",
        "keyword.other.substitution"
      ],
      "settings": {
        "foreground": "#007091"
      }
    },
    {
      "name": "Keyword Control",
      "scope": ["keyword.control"],
      "settings": {}
    },
    {
      "name": "Tag",
      "scope": [
        "entity.name.tag",
        "meta.tag",
        "markup.deleted.git_gutter"
      ],
      "settings": {
        "foreground": "#d51826"
      }
    },
    {
      "name": "Function, Special Method",
      "scope": [
        "entity.name.function",
        "variable.function",
        "keyword.other.special-method"
      ],
      "settings": {
        "foreground": "#2458c8"
      }
    },
    {
      "name": "Support Function",
      "scope": [
        "support.function",
        "meta.function-call entity.name.function"
      ],
      "settings": {
        "foreground": "#006dc1"
      }
    },
    {
      "name": "C-related Block Level Variables",
      "scope": ["source.cpp meta.block variable.other"],
      "settings": {
        "foreground": "#d51826"
      }
    },
    {
      "name": "Other Variable, String Link",
      "scope": ["support.other.variable", "string.other.link"],
      "settings": {
        "foreground": "#d51826"
      }
    },
    {
      "name": "Constant, Function Argument, Tag Attribute, Embedded",
      "scope": [
        "variable.other.constant",
        "constant.language",
        "keyword.other.type.php",
        "storage.type.php",
        "support.constant",
        "constant.character",
        "constant.escape",
        "keyword.other.unit"
      ],
      "settings": {
        "foreground": "#cc3043"
      }
    },
    {
      "name": "Number, Boolean",
      "scope": [
        "constant.numeric",
        "constant.language.boolean",
        "constant.language.json",
        "constant.language.infinity",
        "constant.language.nan"
      ],
      "settings": {
        "foreground": "#d34200"
      }
    },
    {
      "name": "Function Argument",
      "scope": [
        "variable.parameter.function.language.special",
        "variable.parameter",
        "meta.function.parameter variable"
      ],
      "settings": {
        "foreground": "#cb0ba2"
      }
    },
    {
      "name": "String, Symbols, Inherited Class, Markup Heading",
      "scope": [
        "string",
        "constant.other.symbol",
        "constant.other.key",
        "entity.other.inherited-class",
        "markup.heading",
        "markup.inserted.git_gutter",
        "meta.group.braces.curly constant.other.object.key.js string.unquoted.label.js",
        "meta.attribute-selector"
      ],
      "settings": {
        "fontStyle": "",
        "foreground": "#4e8400"
      }
    },
    {
      "name": "Object",
      "scope": ["variable.other.object"],
      "settings": {
        "foreground": "#b75c00"
      }
    },
    {
      "name": "Object Key",
      "scope": [
        "meta.object-literal.key",
        "string.alias.graphql",
        "string.unquoted.graphql",
        "string.unquoted.alias.graphql",
        "meta.field.declaration.ts variable.object.property",
        "variable.object.property"
      ],
      "settings": {
        "foreground": "#007863"
      }
    },
    {
      "name": "Nested Object Property",
      "scope": [
        "meta.object.member",
        "variable.other.object.property"
      ],
      "settings": {
        "foreground": "#52586d"
      }
    },
    {
      "name": "Object Property",
      "scope": [
        "variable.other.property",
        "support.variable.property",
        "support.variable.property.dom"
      ],
      "settings": {
        "foreground": "#52586d"
      }
    },
    {
      "name": "Haskell Constants",
      "scope": ["source.haskell constant.other.haskell"],
      "settings": {
        "foreground": "#cc3043"
      }
    },
    {
      "name": "Haskell Imports",
      "scope": [
        "source.haskell meta.import.haskell entity.name.namespace"
      ],
      "settings": {
        "foreground": "#363a49"
      }
    },
    {
      "name": "Types Fixes",
      "scope": [
        "source.haskell storage.type",
        "source.c storage.type",
        "source.java storage.type"
      ],
      "settings": {
        "foreground": "#b75c00"
      }
    },
    {
      "name": "Lambda Arrow",
      "scope": ["storage.type.function"],
      "settings": {
        "foreground": "#5a1eba"
      }
    },
    {
      "name": "Class, Support",
      "scope": [
        "entity.name",
        "support.type",
        "support.class",
        "support.orther.namespace.use.php",
        "meta.use.php",
        "support.other.namespace.php",
        "markup.changed.git_gutter",
        "support.type.sys-types"
      ],
      "settings": {
        "foreground": "#b75c00"
      }
    },
    {
      "name": "Entity types",
      "scope": ["support.type"],
      "settings": {
        "foreground": "#d34200"
      }
    },
    {
      "name": "CSS Class and Support",
      "scope": [
        "source.css support.type.property-name",
        "source.sass support.type.property-name",
        "source.scss support.type.property-name",
        "source.less support.type.property-name",
        "source.stylus support.type.property-name",
        "source.postcss support.type.property-name",
        "support.type.property-name.css",
        "support.type.vendored.property-name"
      ],
      "settings": {
        "foreground": "#2458c8"
      }
    },
    {
      "name": "Sub-methods",
      "scope": [
        "entity.name.module.js",
        "variable.import.parameter.js",
        "variable.other.class.js"
      ],
      "settings": {
        "foreground": "#d51826"
      }
    },
    {
      "name": "Language methods",
      "scope": ["variable.language"],
      "settings": {
        "foreground": "#d51826"
      }
    },
    {
      "name": "entity.name.method.js",
      "scope": ["entity.name.method.js"],
      "settings": {
        "foreground": "#2458c8"
      }
    },
    {
      "name": "meta.method.js",
      "scope": [
        "meta.class-method.js entity.name.function.js",
        "variable.function.constructor"
      ],
      "settings": {
        "foreground": "#2458c8"
      }
    },
    {
      "name": "Attributes",
      "scope": ["entity.other.attribute-name"],
      "settings": {
        "foreground": "#5a1eba"
      }
    },
    {
      "name": "HTML Attributes",
      "scope": [
        "text.html.basic entity.other.attribute-name.html",
        "text.html.basic entity.other.attribute-name"
      ],
      "settings": {
        "foreground": "#b75c00"
      }
    },
    {
      "name": "HTML Doctype",
      "scope": [
        "meta.tag.metadata.doctype entity.name.tag",
        "meta.tag.metadata.doctype entity.other.attribute-name"
      ],
      "settings": {
        "foreground": "#5a1eba"
      }
    },
    {
      "name": "CSS Classes",
      "scope": ["entity.other.attribute-name.class"],
      "settings": {
        "foreground": "#b75c00"
      }
    },
    {
      "name": "CSS ID's",
      "scope": ["source.sass keyword.control"],
      "settings": {
        "foreground": "#2458c8"
      }
    },
    {
      "name": "CSS psuedo selectors",
      "scope": [
        "entity.other.attribute-name.pseudo-class",
        "entity.other.attribute-name.pseudo-element"
      ],
      "settings": {
        "foreground": "#007863"
      }
    },
    {
      "name": "CSS Property value",
      "scope": ["support.constant.property-value"],
      "settings": {
        "foreground": "#cb0ba2"
      }
    },
    {
      "name": "Inserted",
      "scope": ["markup.inserted"],
      "settings": {
        "foreground": "#4e8400"
      }
    },
    {
      "name": "Deleted",
      "scope": ["markup.deleted"],
      "settings": {
        "foreground": "#d51826"
      }
    },
    {
      "name": "Changed",
      "scope": ["markup.changed"],
      "settings": {
        "foreground": "#5a1eba"
      }
    },
    {
      "name": "Regular Expressions",
      "scope": ["string.regexp"],
      "settings": {
        "foreground": "#b4f9f8"
      }
    },
    {
      "name": "Regular Expressions - Punctuation",
      "scope": ["punctuation.definition.group"],
      "settings": {
        "foreground": "#d51826"
      }
    },
    {
      "name": "Regular Expressions - Character Class",
      "scope": [
        "constant.other.character-class.regexp",
        "keyword.control.anchor.regexp"
      ],
      "settings": {
        "foreground": "#5a1eba"
      }
    },
    {
      "name": "Regular Expressions - Character Class Set",
      "scope": ["constant.other.character-class.set.regexp"],
      "settings": {
        "foreground": "#b75c00"
      }
    },
    {
      "name": "Regular Expressions - Quantifier",
      "scope": ["keyword.operator.quantifier.regexp"],
      "settings": {
        "foreground": "#cb0ba2"
      }
    },
    {
      "name": "Escape Characters",
      "scope": ["constant.character.escape"],
      "settings": {
        "foreground": "#007091"
      }
    },
    {
      "name": "URL",
      "scope": ["*url*", "*link*", "*uri*"],
      "settings": {
        "fontStyle": "underline"
      }
    },
    {
      "name": "Decorators",
      "scope": [
        "tag.decorator.js entity.name.tag.js",
        "tag.decorator.js punctuation.definition.tag.js"
      ],
      "settings": {
        "foreground": "#2458c8"
      }
    },
    {
      "name": "CSS Units",
      "scope": ["keyword.other.unit"],
      "settings": {
        "foreground": "#cc3043"
      }
    },
    {
      "name": "ES7 Bind Operator",
      "scope": [
        "source.js constant.other.object.key.js string.unquoted.label.js"
      ],
      "settings": {
        "foreground": "#d51826"
      }
    },
    {
      "name": "JSON Key - Level 0",
      "scope": [
        "source.json meta.structure.dictionary.json support.type.property-name.json"
      ],
      "settings": {
        "foreground": "#2458c8"
      }
    },
    {
      "name": "JSON Key - Level 1",
      "scope": [
        "source.json meta.structure.dictionary.json meta.structure.dictionary.value.json meta.structure.dictionary.json support.type.property-name.json"
      ],
      "settings": {
        "foreground": "#006dc1"
      }
    },
    {
      "name": "JSON Key - Level 2",
      "scope": [
        "source.json meta.structure.dictionary.json meta.structure.dictionary.value.json meta.structure.dictionary.json meta.structure.dictionary.value.json meta.structure.dictionary.json support.type.property-name.json"
      ],
      "settings": {
        "foreground": "#d51826"
      }
    },
    {
      "name": "JSON Key - Level 3",
      "scope": [
        "source.json meta.structure.dictionary.json meta.structure.dictionary.value.json meta.structure.dictionary.json meta.structure.dictionary.value.json meta.structure.dictionary.json meta.structure.dictionary.value.json meta.structure.dictionary.json support.type.property-name.json"
      ],
      "settings": {
        "foreground": "#cb0ba2"
      }
    },
    {
      "name": "JSON Key - Level 4",
      "scope": [
        "source.json meta.structure.dictionary.json meta.structure.dictionary.value.json meta.structure.dictionary.json meta.structure.dictionary.value.json meta.structure.dictionary.json meta.structure.dictionary.value.json meta.structure.dictionary.json meta.structure.dictionary.value.json meta.structure.dictionary.json support.type.property-name.json"
      ],
      "settings": {
        "foreground": "#b75c00"
      }
    },
    {
      "name": "JSON Key - Level 5",
      "scope": [
        "source.json meta.structure.dictionary.json meta.structure.dictionary.value.json meta.structure.dictionary.json meta.structure.dictionary.value.json meta.structure.dictionary.json meta.structure.dictionary.value.json meta.structure.dictionary.json meta.structure.dictionary.value.json meta.structure.dictionary.json meta.structure.dictionary.value.json meta.structure.dictionary.json support.type.property-name.json"
      ],
      "settings": {
        "foreground": "#007863"
      }
    },
    {
      "name": "JSON Key - Level 6",
      "scope": [
        "source.json meta.structure.dictionary.json meta.structure.dictionary.value.json meta.structure.dictionary.json meta.structure.dictionary.value.json meta.structure.dictionary.json meta.structure.dictionary.value.json meta.structure.dictionary.json meta.structure.dictionary.value.json meta.structure.dictionary.json meta.structure.dictionary.value.json meta.structure.dictionary.json meta.structure.dictionary.value.json meta.structure.dictionary.json support.type.property-name.json"
      ],
      "settings": {
        "foreground": "#2458c8"
      }
    },
    {
      "name": "Plain Punctuation",
      "scope": ["punctuation.definition.list_item.markdown"],
      "settings": {
        "foreground": "#828bb8"
      }
    },
    {
      "name": "Block Punctuation",
      "scope": [
        "meta.block",
        "meta.brace",
        "punctuation.definition.block",
        "punctuation.definition.parameters",
        "punctuation.section.function"
      ],
      "settings": {
        "foreground": "#52586d"
      }
    },
    {
      "name": "Markdown - Plain",
      "scope": ["meta.jsx.children", "meta.embedded.block"],
      "settings": {
        "foreground": "#52586d"
      }
    },
    {
      "name": "Markdown - Markup Raw Inline",
      "scope": ["text.html.markdown markup.inline.raw.markdown"],
      "settings": {
        "foreground": "#5a1eba"
      }
    },
    {
      "name": "Markdown - Markup Raw Inline Punctuation",
      "scope": [
        "text.html.markdown markup.inline.raw.markdown punctuation.definition.raw.markdown"
      ],
      "settings": {
        "foreground": "#007091"
      }
    },
    {
      "name": "Markdown - Heading punctuation",
      "scope": [
        "markdown.heading",
        "markup.heading | markup.heading entity.name",
        "markup.heading.markdown punctuation.definition.heading.markdown"
      ],
      "settings": {
        "foreground": "#007091"
      }
    },
    {
      "name": "Markup - Italic",
      "scope": ["markup.italic"],
      "settings": {
        "fontStyle": "italic",
        "foreground": "#d51826"
      }
    },
    {
      "name": "Markup - Bold",
      "scope": ["markup.bold", "markup.bold string"],
      "settings": {
        "fontStyle": "bold",
        "foreground": "#d51826"
      }
    },
    {
      "name": "Markup - Bold-Italic",
      "scope": [
        "markup.bold markup.italic",
        "markup.italic markup.bold",
        "markup.quote markup.bold",
        "markup.bold markup.italic string",
        "markup.italic markup.bold string",
        "markup.quote markup.bold string"
      ],
      "settings": {
        "fontStyle": "bold",
        "foreground": "#d51826"
      }
    },
    {
      "name": "Markup - Underline",
      "scope": ["markup.underline"],
      "settings": {
        "fontStyle": "underline",
        "foreground": "#d34200"
      }
    },
    {
      "name": "Markdown - Blockquote",
      "scope": [
        "markup.quote punctuation.definition.blockquote.markdown"
      ],
      "settings": {
        "foreground": "#007091"
      }
    },
    {
      "name": "Markup - Quote",
      "scope": ["markup.quote"],
      "settings": {
        "fontStyle": "italic"
      }
    },
    {
      "name": "Markdown - Link",
      "scope": ["string.other.link.title.markdown"],
      "settings": {
        "foreground": "#2458c8"
      }
    },
    {
      "name": "Markdown - Link Description",
      "scope": ["string.other.link.description.title.markdown"],
      "settings": {
        "foreground": "#5a1eba"
      }
    },
    {
      "name": "Markdown - Link Anchor",
      "scope": ["constant.other.reference.link.markdown"],
      "settings": {
        "foreground": "#b75c00"
      }
    },
    {
      "name": "Markup - Raw Block",
      "scope": ["markup.raw.block"],
      "settings": {
        "foreground": "#5a1eba"
      }
    },
    {
      "name": "Markdown - Fenced Bode Block Variable",
      "scope": [
        "markup.fenced_code.block.markdown",
        "markup.inline.raw.string.markdown"
      ],
      "settings": {
        "foreground": "#007091"
      }
    },
    {
      "name": "Markdown - Fenced Language",
      "scope": ["variable.language.fenced.markdown"],
      "settings": {
        "foreground": "#007091"
      }
    },
    {
      "name": "Markdown - Separator",
      "scope": ["meta.separator"],
      "settings": {
        "fontStyle": "bold",
        "foreground": "#007091"
      }
    },
    {
      "name": "Markup - Table",
      "scope": ["markup.table"],
      "settings": {
        "foreground": "#828bb8"
      }
    },
    {
      "scope": "token.info-token",
      "settings": {
        "foreground": "#006dc1"
      }
    },
    {
      "scope": "token.warn-token",
      "settings": {
        "foreground": "#b75c00"
      }
    },
    {
      "scope": "token.error-token",
      "settings": {
        "foreground": "#d51826"
      }
    },
    {
      "scope": "token.debug-token",
      "settings": {
        "foreground": "#5a1eba"
      }
    }
  ]
}
